{"loss": 34538.5703125, "eps": 0.42315482512898234, "avg_reward": 0.0, "_runtime": 275, "_timestamp": 1617276809, "_step": 172004}