{"loss": -46.13077926635742, "eps": 0.997982018667451, "avg_reward": 0.0, "_runtime": 7, "_timestamp": 1617273047, "_step": 102}