{"loss": -71.60893249511719, "eps": 0.997982018667451, "avg_reward": 0.0, "_runtime": 8, "_timestamp": 1617273082, "_step": 102}