{"loss": -145.26992797851562, "eps": 0.997982018667451, "avg_reward": 0.0, "_runtime": 8, "_timestamp": 1617272986, "_step": 102}