{"loss": 499.1826477050781, "eps": 0.9750660534748076, "avg_reward": 0.0, "_runtime": 17, "_timestamp": 1617273883, "_step": 5051}