{"loss": 30991.927734375, "eps": 0.5680184297704449, "avg_reward": 0.0, "_runtime": 215, "_timestamp": 1617274206, "_step": 113121}