{"loss": 1048.4259033203125, "eps": 0.6562778335604152, "avg_reward": 0.0, "_runtime": 146, "_timestamp": 1617434680, "_step": 84235}