{"loss": 38.27889633178711, "eps": 0.301533849985108, "avg_reward": 0.0, "_runtime": 379, "_timestamp": 1617275353, "_step": 239775}