{"loss": 98.6312484741211, "eps": 0.9750660534748076, "avg_reward": 0.0, "_runtime": 14, "_timestamp": 1617273960, "_step": 5051}