{"loss": 280866.09375, "eps": 0.5706059557010408, "avg_reward": 0.0, "_runtime": 175, "_timestamp": 1617277000, "_step": 112212}