{"loss": 46907.6640625, "eps": 0.23987470148666815, "avg_reward": 0.0, "_runtime": 509, "_timestamp": 1617274941, "_step": 285528}